"latitude","longitude","presence","bio1","bio2","bio3","bio4","bio5","bio6","bio7","bio8","bio9","bio10","bio11","bio12","bio13","bio14","bio15","bio16","bio17","bio18","bio19"
30.56500053,-84.95972443,1,131,157,42,8191,311,-60,371,228,137,228,20,1375,166,67,25,432,248,432,367
30.82718151,-85.26186553,1,127,154,41,8375,307,-66,373,33,132,226,13,1362,153,69,24,435,249,397,391
30.80942167,-85.22803667,1,129,152,41,8335,307,-63,370,35,134,227,15,1352,150,68,24,433,247,392,389
31.55792866,-88.03447101,1,104,162,38,9555,306,-113,419,-3,168,215,-28,1482,166,75,24,473,258,321,450
31.447845,-87.54110833,1,106,157,38,9367,302,-107,409,0,169,215,-23,1479,170,76,23,480,255,332,443
31.75008833,-88.37210833,1,97,157,37,9736,300,-121,421,-12,162,210,-38,1488,165,75,25,475,258,299,459
31.896975,-88.45846667,1,96,156,36,9852,300,-123,423,-16,161,210,-41,1471,162,74,25,470,255,287,457
32.25615311,-86.49295807,1,107,140,35,9602,302,-98,400,0,171,220,-24,1300,163,67,26,431,233,245,397
32.24429278,-86.17782154,1,108,140,35,9462,299,-96,395,1,172,219,-22,1329,167,71,27,445,232,255,407
32.359345,-87.13234167,1,102,141,34,9819,299,-106,405,-7,167,217,-32,1308,160,68,27,432,225,243,405
32.2571106,-86.73110962,1,106,140,35,9618,300,-99,399,-1,170,219,-25,1305,166,68,27,438,228,245,399
32.30847571,-86.37558624,1,108,139,35,9589,302,-95,397,1,172,221,-22,1286,158,66,25,418,234,244,391
32.57683833,-88.194855,1,90,152,34,10281,299,-136,435,-27,197,209,-53,1402,152,70,25,436,256,260,427
32.486995,-87.78090197,1,94,147,34,10100,298,-127,425,-20,199,211,-46,1367,155,70,26,443,244,246,421
32.50376389,-87.50489167,1,95,146,34,10069,298,-123,421,-19,200,212,-44,1346,157,70,26,442,240,243,415
32.606995,-88.19191667,1,89,151,34,10310,297,-138,435,-28,195,208,-55,1401,151,71,25,434,254,256,426
32.64241927,-87.68831956,1,93,146,34,10208,300,-127,427,-22,200,212,-48,1355,152,70,26,441,237,238,418
32.77509949,-87.91038149,1,89,147,33,10423,297,-136,433,-28,211,211,-55,1355,150,68,26,434,233,233,416
32.99140981,-87.13462503,1,90,142,33,10089,293,-130,423,-23,196,208,-49,1420,164,71,26,454,248,251,435
33.46306377,-88.75394819,1,74,142,31,11027,285,-161,446,3,202,202,-78,1413,161,62,26,439,228,228,413
33.44543513,-86.86221913,1,80,140,32,10468,288,-147,435,-45,203,203,-65,1424,164,66,24,428,240,240,405
33.493345,-86.775955,1,79,140,32,10437,287,-146,433,-46,201,201,-65,1418,163,65,24,427,237,237,404
33.54296167,-88.74314167,1,75,142,31,11035,286,-161,447,3,202,202,-78,1415,162,61,26,443,228,228,412
33.5372285,-88.6417558,1,75,142,31,11056,286,-161,447,4,203,203,-77,1429,163,62,26,445,231,231,416
33.72745196,-85.73619617,1,67,146,33,10179,275,-157,432,-49,186,186,-74,1488,176,64,27,472,230,230,432
33.85,-86.57,1,72,147,33,10583,284,-160,444,-49,195,195,-75,1447,160,58,26,439,222,222,415
33.94563667,-89.01466388,1,67,144,31,11294,282,-176,458,-6,196,196,-91,1436,175,58,27,469,224,224,403
33.91474915,-88.85061646,1,68,143,31,11271,283,-173,456,-5,198,198,-88,1430,172,59,27,465,223,223,406
33.87356463,-86.86262221,1,70,146,32,10686,281,-164,445,-52,194,194,-79,1452,159,60,25,435,224,224,418
33.95948424,-86.72277644,1,67,147,32,10678,280,-167,447,-54,191,191,-81,1471,163,59,26,440,223,223,422
34.00575555,-88.57260833,1,69,147,31,11346,288,-175,463,-4,199,199,-89,1413,170,58,28,463,217,217,399
34.31507553,-87.35619083,1,59,148,32,11144,275,-186,461,-11,188,188,-96,1505,174,63,26,479,226,226,416
34.25545489,-85.52289882,1,66,149,33,10461,277,-164,441,8,188,188,-79,1444,165,60,26,446,218,218,414
34.3265833,-87.4622883,1,57,148,32,11175,274,-188,462,-12,186,186,-99,1514,176,64,27,482,226,226,418
34.33915333,-87.37918833,1,58,148,31,11206,276,-187,463,-12,188,188,-98,1502,175,63,26,479,225,225,413
34.38358439,-87.22776154,1,61,148,32,11148,279,-183,462,-9,190,190,-94,1476,171,61,26,470,221,221,406
34.39363633,-86.88746835,1,62,148,32,10988,279,-180,459,-7,189,189,-91,1461,165,62,26,453,223,223,400
34.41692167,-86.5933797,1,59,145,31,10952,274,-180,454,-10,185,185,-94,1490,170,60,26,458,222,222,410
34.4217141,-86.4053113,1,64,147,32,10858,279,-174,453,-4,190,190,-87,1448,161,56,27,436,211,211,402
34.42879134,-85.72387934,1,58,147,33,10584,270,-175,445,-64,181,181,-89,1493,166,62,26,444,225,225,421
34.42624097,-85.33347,1,63,150,33,10523,276,-169,445,-58,186,186,-82,1431,162,58,26,438,215,215,409
34.4888318,-87.59805413,1,56,151,32,11299,276,-192,468,-14,186,186,-101,1459,168,61,26,464,220,220,398
34.47942231,-87.54073654,1,58,150,32,11270,278,-188,466,-12,188,188,-99,1453,168,61,26,463,220,220,396
34.43622832,-85.34215169,1,63,150,33,10523,276,-169,445,-58,186,186,-82,1431,162,58,26,438,215,215,409
34.65950333,-86.646295,1,61,146,31,11088,277,-182,459,-9,189,189,-94,1450,167,58,27,453,217,217,396
34.61939214,-86.56163301,1,62,147,31,11033,279,-181,460,-8,189,189,-92,1445,166,57,27,448,215,215,395
34.61335359,-86.36387157,1,61,148,32,10956,277,-180,457,-8,188,188,-91,1456,165,57,26,446,214,214,403
34.61505079,-86.25366273,1,62,149,32,10911,279,-178,457,-7,188,188,-90,1448,163,56,27,441,211,211,405
34.616705,-86.13136922,1,59,148,32,10831,275,-179,454,-10,184,184,-91,1482,167,57,26,447,217,217,417
34.7327652,-86.72296143,1,56,145,31,11176,274,-187,461,-14,185,185,-99,1470,172,59,27,466,222,222,396
34.74718133,-86.54912108,1,57,146,31,11116,274,-186,460,-13,185,185,-98,1468,171,58,27,461,219,219,398
34.7393569,-86.51252478,1,50,143,31,11064,264,-193,457,-20,177,177,-105,1529,180,60,27,481,228,228,412
34.68165382,-86.37949347,1,56,147,32,10981,273,-184,457,-13,183,183,-96,1478,170,58,26,458,219,219,406
34.69575964,-86.3240426,1,57,148,32,10941,273,-183,456,-12,184,184,-95,1476,170,57,27,455,217,217,407
34.70888,-86.18228833,1,49,144,31,10901,263,-191,454,-19,175,175,-103,1553,181,61,26,481,230,230,427
34.68801074,-85.39211034,1,48,144,32,10624,259,-186,445,-19,171,171,-99,1532,174,61,26,462,232,232,424
34.70283667,-85.33903667,1,50,146,32,10625,263,-184,447,-17,174,174,-97,1508,170,60,26,455,229,229,419
34.80486944,-87.33409167,1,55,150,31,11408,276,-193,469,-17,186,186,-104,1419,163,60,26,453,222,222,378
34.82052234,-86.61031293,1,53,146,31,11171,271,-191,462,-17,182,182,-103,1474,174,59,27,468,223,223,393
34.87826118,-86.01751269,1,50,148,32,10877,266,-190,456,-18,176,176,-101,1525,177,61,26,472,230,230,418
34.84040851,-85.52190276,1,54,149,32,10766,271,-183,454,-14,179,179,-95,1455,166,58,26,443,221,221,404
34.97821167,-86.23306333,1,47,147,32,11011,263,-196,459,-21,174,174,-106,1515,178,60,26,476,230,230,409
34.893005,-86.01846383,1,50,148,32,10877,266,-190,456,-18,176,176,-101,1525,177,61,26,472,230,230,418
35.01588674,-85.58433227,1,54,150,32,10865,272,-186,458,-14,180,180,-96,1440,164,60,25,440,223,223,395
34.8946495,-85.47169265,1,55,149,32,10783,271,-183,454,-13,180,180,-94,1442,164,57,25,438,219,219,400
34.97023478,-85.38681147,1,54,146,32,10812,270,-183,453,-14,180,180,-96,1431,163,58,25,435,220,220,395
35.09781004,-85.90661963,1,40,140,30,10980,251,-201,452,-28,166,166,-113,1563,186,66,26,490,244,244,414
35.02155927,-85.58260826,1,53,149,32,10838,270,-187,457,-15,179,179,-97,1441,164,59,25,439,224,224,395
35.11756117,-85.22296167,1,55,146,32,10868,274,-181,455,-13,182,182,-94,1381,158,57,25,419,216,216,376
35.15843611,-86.01306111,1,46,147,31,11027,263,-197,460,-22,173,173,-107,1500,175,62,25,468,234,234,402
35.19238282,-85.93767767,1,37,137,30,11032,247,-205,452,-31,163,163,-117,1567,187,67,26,494,247,247,410
35.22183667,-85.74347,1,35,135,30,10942,245,-203,448,-32,161,161,-117,1567,188,68,25,492,248,248,407
35.3432045,-85.33854675,1,46,146,31,10944,263,-194,457,-22,172,172,-106,1403,162,62,24,428,227,227,367
35.47872162,-85.78482819,1,33,137,30,11082,245,-208,453,-36,159,159,-122,1502,176,69,24,466,250,250,382
35.67220513,-85.80479865,1,39,146,31,11174,257,-205,462,-30,166,166,-117,1355,152,66,22,408,238,238,340
35.69109825,-85.35420253,1,31,141,31,10966,245,-209,454,-36,156,156,-122,1430,165,69,23,436,247,247,357
35.75467167,-85.38877833,1,35,146,31,11054,253,-207,460,-33,160,160,-120,1374,158,67,22,418,241,241,340
33.9300000000047,-90.0899999999966,0,63,142,30,11750,284,-185,469,-11,198,198,-101,1428,191,60,27,473,241,241,374
34.1100000000047,-90.0899999999966,0,60,142,30,11827,281,-188,469,-15,195,195,-105,1413,185,62,26,463,244,244,365
33.5700000000047,-89.7299999999966,0,65,148,32,11295,278,-180,458,-7,194,194,-93,1480,192,63,28,494,241,241,416
34.6500000000047,-89.7299999999966,0,47,138,29,11923,265,-203,468,-28,182,182,-120,1384,176,66,27,455,231,231,341
33.3900000000047,-89.5499999999966,0,69,151,33,11095,283,-174,457,-2,196,196,-86,1473,182,64,27,483,239,239,424
34.1100000000047,-89.5499999999966,0,59,148,31,11538,278,-189,467,-15,191,191,-102,1462,189,60,27,478,234,234,389
34.4700000000047,-89.5499999999966,0,52,144,30,11736,271,-197,468,-22,186,186,-112,1434,188,64,27,475,233,233,364
34.6500000000047,-89.5499999999966,0,46,141,30,11811,264,-203,467,-28,181,181,-119,1424,183,66,27,470,235,235,354
31.5900000000046,-89.3699999999966,0,100,146,35,9928,298,-118,416,-38,164,215,-38,1473,157,79,21,448,279,299,448
31.9500000000046,-89.3699999999966,0,92,143,33,10172,292,-130,422,-30,210,210,-50,1487,163,78,24,457,278,278,454
32.1300000000046,-89.3699999999966,0,89,145,33,10317,291,-137,428,-35,208,208,-55,1480,166,76,24,459,274,274,451
32.3100000000046,-89.3699999999966,0,85,146,33,10406,289,-143,432,-40,205,205,-60,1480,169,75,25,461,271,271,449
32.4900000000046,-89.3699999999966,0,84,148,33,10505,290,-147,437,-42,205,205,-63,1464,172,72,25,463,260,260,443
32.8500000000047,-89.3699999999966,0,78,150,33,10727,287,-157,444,-51,201,201,-72,1466,178,68,27,467,248,248,436
33.2100000000047,-89.3699999999966,0,73,149,33,10955,285,-166,451,2,199,199,-80,1472,175,65,26,471,242,242,429
33.3900000000047,-89.3699999999966,0,71,150,33,11022,284,-170,454,0,197,197,-83,1466,176,62,27,479,236,236,424
33.5700000000047,-89.3699999999966,0,68,150,32,11094,283,-175,458,-3,195,195,-87,1466,178,61,27,482,234,234,419
33.9300000000047,-89.3699999999966,0,63,149,32,11333,280,-184,464,-9,193,193,-95,1449,185,57,27,475,228,228,399
34.1100000000047,-89.3699999999966,0,60,147,31,11448,277,-187,464,-13,191,191,-100,1468,187,59,27,480,232,232,395
34.4700000000047,-89.3699999999966,0,53,145,30,11698,273,-196,469,-21,187,187,-110,1461,192,64,28,483,236,236,370
34.8300000000047,-89.3699999999966,0,45,143,30,11863,264,-206,470,-30,180,180,-121,1426,180,66,26,465,239,239,351
31.7700000000046,-89.1899999999966,0,97,146,35,9940,297,-120,417,-23,162,212,-41,1441,154,78,22,440,269,284,437
32.4900000000046,-89.1899999999966,0,83,147,33,10459,289,-146,435,-43,204,204,-63,1456,169,72,25,455,261,261,440
33.3900000000047,-89.1899999999966,0,71,147,32,10965,283,-167,450,0,197,197,-82,1466,171,62,26,474,237,237,424
33.9300000000047,-89.1899999999966,0,65,147,31,11306,280,-181,461,-7,195,195,-93,1442,179,58,27,472,226,226,402
34.4700000000047,-89.1899999999966,0,55,146,31,11693,275,-195,470,-18,189,189,-108,1462,191,63,28,484,235,235,374
31.0500000000046,-89.0099999999966,0,104,161,38,9677,307,-116,423,-3,166,217,-30,1521,166,88,20,451,298,382,441
31.2300000000046,-89.0099999999966,0,103,160,37,9733,306,-116,422,-5,167,217,-31,1483,161,83,21,447,281,348,440
32.3100000000046,-89.0099999999966,0,88,148,34,10341,294,-139,433,-37,207,207,-57,1416,156,71,25,435,261,261,434
32.4900000000046,-89.0099999999966,0,85,147,33,10452,290,-145,435,-41,205,205,-61,1434,162,72,25,443,262,262,434
32.8500000000047,-89.0099999999966,0,79,146,33,10671,286,-153,439,-49,202,202,-69,1443,167,67,26,446,251,251,427
33.0300000000047,-89.0099999999966,0,77,145,32,10753,285,-156,441,-53,201,201,-72,1436,164,65,25,440,245,245,421
33.3900000000047,-89.0099999999966,0,74,145,32,10967,286,-162,448,3,200,200,-78,1429,164,60,26,453,230,230,416
34.1100000000047,-89.0099999999966,0,63,142,30,11389,278,-181,459,-10,193,193,-96,1448,177,59,26,471,229,229,400
34.2900000000047,-89.0099999999966,0,60,143,30,11529,277,-187,464,-14,192,192,-102,1460,183,59,27,481,231,231,393
31.2300000000046,-88.8299999999965,0,101,166,39,9679,305,-120,425,-7,164,213,-33,1496,162,88,21,450,285,358,435
31.4100000000046,-88.8299999999965,0,99,161,38,9701,302,-121,423,-9,162,211,-36,1475,158,84,21,449,272,332,436
31.9500000000046,-88.8299999999965,0,94,153,36,9990,299,-126,425,-19,160,210,-45,1428,155,77,25,449,253,275,441
32.3100000000046,-88.8299999999965,0,89,148,34,10272,295,-134,429,-28,157,208,-53,1404,154,73,25,435,249,267,430
32.4900000000046,-88.8299999999965,0,87,148,34,10356,293,-139,432,-31,155,207,-56,1400,151,71,25,429,248,262,426
32.8500000000047,-88.8299999999965,0,80,145,33,10611,287,-151,438,-48,202,202,-68,1420,159,66,25,433,250,250,419
33.7500000000047,-88.8299999999965,0,71,143,31,11210,285,-169,454,-1,201,201,-84,1417,167,59,26,456,223,223,405
33.9300000000047,-88.8299999999965,0,68,143,31,11284,284,-172,456,-4,199,199,-88,1417,172,58,27,463,219,219,403
34.8300000000047,-88.8299999999965,0,48,146,30,11842,271,-205,476,-27,184,184,-117,1432,183,61,27,471,228,228,364
31.4100000000046,-88.6499999999965,0,99,163,38,9670,303,-121,424,-9,162,211,-35,1493,161,85,21,457,274,337,440
31.5900000000046,-88.6499999999965,0,97,158,37,9700,300,-119,419,-11,161,210,-37,1462,157,80,23,457,259,306,443
31.7700000000046,-88.6499999999965,0,95,155,36,9779,297,-122,419,-15,159,208,-40,1454,157,78,24,457,257,293,445
32.1300000000046,-88.6499999999965,0,91,151,35,10101,297,-131,428,-23,158,208,-49,1443,159,75,25,454,253,272,450
32.3100000000046,-88.6499999999965,0,90,147,34,10188,294,-132,426,-26,156,208,-52,1427,156,72,25,443,252,272,439
32.4900000000046,-88.6499999999965,0,87,147,34,10283,293,-136,429,-29,155,207,-55,1417,153,70,25,436,251,267,432
32.8500000000047,-88.6499999999965,0,81,146,33,10562,288,-149,437,-47,203,203,-66,1407,154,67,25,426,251,251,416
33.0300000000047,-88.6499999999965,0,81,146,33,10690,291,-150,441,-47,205,205,-67,1379,153,66,25,419,238,238,406
33.2100000000047,-88.6499999999965,0,78,144,32,10830,289,-154,443,-52,204,204,-71,1384,156,63,26,423,226,226,408
34.2900000000047,-88.6499999999965,0,63,145,31,11503,283,-182,465,-10,196,196,-96,1417,177,57,29,480,215,215,393
34.6500000000047,-88.6499999999965,0,55,146,31,11668,276,-194,470,-20,189,189,-108,1426,179,59,28,472,219,219,377
34.8300000000047,-88.6499999999965,0,49,147,30,11788,273,-202,475,-26,184,184,-115,1426,177,60,27,464,225,225,369
35.0100000000047,-88.6499999999965,0,45,150,30,11928,273,-211,484,-30,182,182,-121,1406,174,58,27,455,225,225,352
31.0500000000046,-88.4699999999965,0,103,169,39,9618,308,-120,428,-3,165,215,-29,1543,175,89,20,451,305,404,426
31.2300000000046,-88.4699999999965,0,102,167,39,9635,306,-119,425,-5,165,214,-31,1516,163,89,20,453,289,370,431
31.4100000000046,-88.4699999999965,0,100,164,38,9624,303,-120,423,-7,163,211,-33,1508,164,84,22,464,273,340,444
31.7700000000046,-88.4699999999965,0,97,156,37,9755,300,-120,420,-13,161,210,-38,1477,162,76,25,470,256,295,455
32.1300000000046,-88.4699999999965,0,91,150,35,10014,295,-129,424,-22,157,207,-48,1497,166,75,26,470,262,281,466
32.3100000000046,-88.4699999999965,0,90,149,34,10132,295,-131,426,-25,156,208,-50,1453,158,72,25,453,257,273,448
33.0300000000047,-88.4699999999965,0,83,147,33,10717,293,-150,443,26,207,207,-66,1367,150,66,25,418,236,236,404
33.2100000000047,-88.4699999999965,0,79,145,32,10835,290,-154,444,-51,205,205,-71,1375,155,65,26,420,229,229,406
34.1100000000047,-88.4699999999965,0,66,149,32,11317,286,-178,464,-6,197,197,-91,1436,173,60,28,473,218,218,401
34.4700000000047,-88.4699999999965,0,59,149,31,11500,281,-188,469,-14,192,192,-101,1435,176,59,29,475,214,214,389
34.8300000000047,-88.4699999999965,0,51,149,31,11718,277,-200,477,-23,186,186,-111,1421,174,60,27,459,222,222,372
30.8700000000046,-88.2899999999965,0,108,165,39,9609,310,-112,422,221,110,221,-23,1547,186,84,20,443,302,443,409
31.2300000000046,-88.2899999999965,0,104,166,39,9567,306,-116,422,-3,166,215,-28,1525,164,87,20,459,286,374,437
31.9500000000046,-88.2899999999965,0,97,155,36,9849,300,-122,422,-15,162,211,-40,1476,163,73,25,472,257,288,457
32.1300000000046,-88.2899999999965,0,95,152,35,9958,300,-124,424,-17,161,211,-43,1452,159,72,25,461,255,276,450
32.3100000000046,-88.2899999999965,0,92,151,35,10088,298,-129,427,-22,159,209,-47,1439,156,70,25,453,256,270,444
32.4900000000046,-88.2899999999965,0,91,151,34,10230,298,-134,432,-25,158,209,-51,1413,152,69,25,440,254,263,433
33.2100000000047,-88.2899999999965,0,80,147,32,10893,293,-153,446,22,207,207,-71,1373,153,64,26,424,229,229,411
33.5700000000047,-88.2899999999965,0,74,148,32,11077,289,-164,453,3,203,203,-79,1421,161,63,26,436,233,233,417
33.7500000000047,-88.2899999999965,0,67,150,32,11168,285,-175,460,-4,196,196,-88,1455,168,62,26,458,233,233,417
33.9300000000047,-88.2899999999965,0,65,153,32,11239,285,-181,466,-6,195,195,-91,1457,173,62,27,467,226,226,412
35.0100000000047,-88.2899999999965,0,47,153,31,11799,275,-208,483,-27,182,182,-118,1427,173,61,26,458,229,229,364
35.1900000000047,-88.2899999999965,0,45,155,31,11907,274,-213,487,-30,181,181,-121,1410,173,62,26,453,230,230,354
30.6900000000046,-88.1099999999965,0,113,163,38,9640,312,-108,420,226,114,226,-18,1518,190,78,21,462,287,462,389
31.2300000000046,-88.1099999999965,0,107,166,39,9512,309,-113,422,1,168,217,-25,1517,164,85,21,462,281,373,437
32.1300000000046,-88.1099999999965,0,97,152,35,9955,301,-123,424,-16,163,212,-42,1434,160,71,25,459,253,273,443
32.6700000000046,-88.1099999999965,0,89,149,34,10371,297,-138,435,-28,209,209,-55,1380,151,70,25,432,247,247,418
32.8500000000047,-88.1099999999965,0,86,147,33,10523,295,-141,436,-32,209,209,-59,1370,150,68,25,429,239,239,412
33.0300000000047,-88.1099999999965,0,83,147,33,10693,294,-147,441,26,208,208,-65,1385,150,66,26,433,235,235,416
34.1100000000047,-88.1099999999965,0,59,159,33,11242,281,-192,473,-12,188,188,-98,1499,179,65,27,482,229,229,415
31.5900000000046,-87.9299999999965,0,103,159,38,9524,304,-112,416,-4,167,214,-29,1486,168,75,24,479,256,315,455
32.6700000000046,-87.9299999999965,0,90,147,34,10322,297,-135,432,-27,210,210,-53,1366,150,70,26,435,239,239,418
32.8500000000047,-87.9299999999965,0,87,147,33,10496,296,-140,436,-31,209,209,-58,1365,150,68,26,433,234,234,416
33.3900000000047,-87.9299999999965,0,76,150,33,10866,291,-160,451,17,203,203,-74,1457,156,69,25,442,244,244,434
33.5700000000047,-87.9299999999965,0,71,152,33,10943,289,-167,456,1,198,198,-81,1481,161,67,25,447,241,241,436
34.2900000000047,-87.9299999999965,0,53,156,33,11260,275,-197,472,-17,182,182,-104,1516,179,65,27,490,226,226,417
34.4700000000047,-87.9299999999965,0,53,154,32,11337,274,-197,471,-19,183,183,-106,1472,172,62,27,474,220,220,402
34.8300000000047,-87.9299999999965,0,53,154,32,11541,277,-199,476,-20,185,185,-108,1409,162,60,25,444,223,223,376
35.1900000000047,-87.9299999999965,0,40,156,32,11765,269,-217,486,-34,174,174,-124,1436,168,64,24,453,240,240,366
30.8700000000046,-87.7499999999965,0,112,168,40,9325,311,-107,418,8,114,221,-16,1577,188,85,20,456,308,455,421
31.4100000000046,-87.7499999999965,0,107,162,39,9364,306,-108,414,2,169,216,-22,1494,169,77,23,478,261,342,446
31.5900000000046,-87.7499999999965,0,104,159,38,9429,304,-109,413,-3,167,213,-27,1490,174,74,25,489,253,312,459
32.3100000000046,-87.7499999999965,0,97,148,35,9950,300,-120,420,-15,163,213,-40,1374,161,69,26,449,243,254,424
33.2100000000047,-87.7499999999965,0,82,146,33,10663,294,-147,441,-38,207,207,-65,1406,153,66,26,436,238,238,418
33.3900000000047,-87.7499999999965,0,77,149,33,10780,293,-155,448,-45,204,204,-71,1433,154,67,25,438,240,240,425
34.1100000000047,-87.7499999999965,0,58,156,33,11157,279,-190,469,-11,187,187,-97,1513,175,64,26,479,229,229,424
34.2900000000047,-87.7499999999965,0,54,153,32,11243,275,-194,469,-16,183,183,-103,1521,178,65,27,487,228,228,419
34.4700000000047,-87.7499999999965,0,54,153,32,11283,275,-194,469,-16,184,184,-103,1457,168,61,27,462,219,219,396
34.6500000000047,-87.7499999999965,0,55,152,32,11375,278,-193,471,-16,186,186,-103,1415,159,60,25,443,220,220,385
35.3700000000048,-87.7499999999965,0,33,158,32,11776,262,-225,487,-40,167,167,-131,1448,170,67,24,457,248,248,361
31.4100000000046,-87.5699999999965,0,107,160,39,9340,303,-107,410,1,169,215,-22,1489,170,77,23,481,259,341,444
31.5900000000046,-87.5699999999965,0,105,156,38,9437,304,-106,410,-2,169,215,-25,1455,173,72,25,482,245,306,445
31.7700000000046,-87.5699999999965,0,103,153,37,9541,302,-109,411,-5,166,214,-29,1441,172,71,26,477,242,293,444
32.4900000000046,-87.5699999999965,0,96,146,34,10025,298,-121,419,-17,201,213,-42,1348,159,68,27,446,239,244,418
33.7500000000047,-87.5699999999965,0,66,153,33,10877,282,-175,457,-3,192,192,-86,1500,162,65,25,458,238,238,436
34.4700000000047,-87.5699999999965,0,58,150,32,11297,278,-190,468,-13,187,187,-100,1452,167,61,26,462,219,219,396
34.8300000000047,-87.5699999999965,0,55,150,31,11451,278,-193,471,-17,187,187,-104,1392,156,59,24,435,221,221,375
35.0100000000047,-87.5699999999965,0,47,152,31,11524,271,-205,476,-25,179,179,-113,1418,162,62,24,446,230,230,370
30.6900000000046,-87.3899999999965,0,115,169,40,9263,314,-104,418,224,116,224,-10,1520,182,90,20,466,303,466,394
31.9500000000046,-87.3899999999965,0,104,151,36,9604,303,-109,412,-5,168,215,-29,1382,166,67,27,460,230,273,433
32.1300000000046,-87.3899999999965,0,102,147,35,9756,301,-111,412,-8,166,215,-33,1359,163,66,27,451,227,260,428
33.3900000000047,-87.3899999999965,0,79,147,33,10585,290,-152,442,-41,203,203,-68,1436,156,66,25,444,244,244,428
33.5700000000047,-87.3899999999965,0,74,149,33,10669,287,-160,447,-47,198,198,-74,1456,158,65,25,445,239,239,431
33.7500000000047,-87.3899999999965,0,68,152,33,10811,283,-171,454,0,194,194,-82,1476,157,64,25,447,235,235,432
34.4700000000047,-87.3899999999965,0,60,149,32,11225,279,-185,464,-11,190,190,-96,1462,170,60,27,467,219,219,399
34.6500000000047,-87.3899999999965,0,57,148,31,11341,278,-190,468,-14,188,188,-101,1442,166,60,26,460,220,220,389
30.6900000000046,-87.2099999999965,0,116,168,40,9253,313,-101,414,225,117,225,-9,1522,184,89,21,475,299,475,390
31.0500000000046,-87.2099999999965,0,108,169,41,9159,305,-107,412,7,169,216,-17,1539,168,83,21,474,289,414,431
32.3100000000046,-87.2099999999965,0,101,143,34,9840,299,-110,409,-9,166,216,-34,1326,161,68,27,438,226,247,413
34.8300000000047,-87.2099999999965,0,55,149,31,11332,276,-193,469,-16,185,185,-103,1437,166,60,26,460,223,223,381
35.1900000000047,-87.2099999999965,0,41,151,31,11513,263,-213,476,-31,172,172,-120,1454,172,64,26,469,233,233,363
35.3700000000048,-87.2099999999965,0,36,153,31,11602,260,-221,481,-36,168,168,-127,1441,170,66,26,464,235,235,350
30.8700000000046,-87.0299999999965,0,112,169,40,9166,309,-105,414,220,114,220,-13,1541,181,87,21,458,301,458,406
31.2300000000046,-87.0299999999965,0,106,167,40,9122,302,-106,408,5,168,213,-18,1520,171,80,22,485,269,382,440
31.7700000000046,-87.0299999999965,0,104,149,36,9460,299,-105,404,-3,167,215,-26,1423,174,75,26,478,237,298,437
32.1300000000046,-87.0299999999965,0,105,142,35,9645,301,-101,402,-3,169,218,-26,1312,163,71,27,435,224,255,402
32.3100000000046,-87.0299999999965,0,105,138,34,9742,301,-99,400,53,169,220,-27,1265,158,67,27,423,219,241,383
32.4900000000046,-87.0299999999965,0,102,139,34,9851,299,-106,405,-8,167,218,-32,1325,162,68,27,438,232,243,409
33.3900000000047,-87.0299999999965,0,81,145,33,10433,291,-147,438,-37,203,203,-64,1445,160,67,24,442,245,245,424
33.7500000000047,-87.0299999999965,0,73,148,33,10697,285,-162,447,-49,197,197,-76,1441,157,61,25,436,226,226,419
34.1100000000047,-87.0299999999965,0,63,149,32,10874,278,-176,454,-6,189,189,-88,1487,165,62,26,456,227,227,422
34.6500000000047,-87.0299999999965,0,59,148,31,11214,278,-187,465,-11,188,188,-97,1448,167,60,26,463,222,222,391
34.8300000000047,-87.0299999999965,0,53,148,31,11301,273,-194,467,-18,183,183,-104,1466,170,60,26,473,227,227,389
31.0500000000046,-86.8499999999965,0,108,170,41,9073,304,-105,409,8,169,215,-15,1520,166,85,21,470,293,412,422
31.2300000000046,-86.8499999999965,0,106,167,40,9135,302,-107,409,5,168,213,-19,1519,173,82,22,486,274,384,438
31.4100000000046,-86.8499999999965,0,106,163,39,9277,303,-107,410,2,168,215,-21,1508,178,80,24,496,259,356,449
32.3100000000046,-86.8499999999965,0,106,138,34,9722,301,-99,400,52,170,220,-26,1290,162,68,26,430,227,243,392
32.4900000000046,-86.8499999999965,0,102,139,34,9762,299,-104,403,-6,167,218,-30,1332,165,69,26,441,235,245,407
32.6700000000046,-86.8499999999965,0,94,142,34,9912,294,-119,413,-17,160,211,-41,1407,167,72,27,464,250,252,436
32.8500000000047,-86.8499999999965,0,91,144,34,9972,292,-129,421,-21,195,207,-47,1420,165,72,26,466,251,252,438
33.7500000000047,-86.8499999999965,0,75,146,32,10617,287,-157,444,-45,199,199,-72,1416,155,59,25,428,222,222,409
34.8300000000047,-86.8499999999965,0,54,147,31,11284,273,-194,467,-16,184,184,-104,1464,172,60,26,470,226,226,388
35.0100000000047,-86.8499999999965,0,48,150,31,11349,268,-202,470,-23,178,178,-111,1456,171,61,26,470,229,229,374
35.3700000000048,-86.8499999999965,0,40,152,31,11537,264,-212,476,-32,172,172,-121,1418,164,63,25,449,233,233,351
35.5500000000048,-86.8499999999965,0,39,154,32,11684,265,-215,480,-34,173,173,-123,1349,153,63,24,421,228,228,329
36.0900000000048,-86.8499999999965,0,29,150,30,12147,259,-232,491,-44,167,167,-140,1185,134,65,21,358,221,221,282
31.4100000000046,-86.6699999999965,0,107,164,40,9204,304,-105,409,4,169,215,-19,1478,177,80,23,487,261,351,436
31.5900000000046,-86.6699999999965,0,108,156,38,9258,303,-102,405,4,170,216,-19,1441,177,78,25,484,247,320,434
31.9500000000046,-86.6699999999965,0,106,145,36,9418,300,-100,400,0,169,217,-23,1380,173,78,27,470,237,278,425
32.6700000000046,-86.6699999999965,0,94,143,34,9880,293,-120,413,-17,160,210,-41,1396,167,72,26,459,251,252,430
33.2100000000047,-86.6699999999965,0,84,148,34,10135,290,-140,430,-31,202,202,-56,1430,163,68,25,454,245,245,428
36.0900000000048,-86.6699999999965,0,33,144,29,12127,260,-223,483,-41,171,171,-136,1132,128,62,20,337,212,212,275
31.0500000000046,-86.4899999999965,0,111,167,41,9060,305,-101,406,10,115,217,-13,1486,166,86,21,465,293,403,414
31.4100000000046,-86.4899999999965,0,108,165,40,9154,306,-104,410,6,170,216,-17,1457,177,78,24,486,261,345,433
31.5900000000046,-86.4899999999965,0,109,158,38,9208,306,-100,406,6,171,217,-18,1426,178,77,25,483,249,315,429
31.9500000000046,-86.4899999999965,0,106,145,36,9320,300,-98,398,2,169,215,-21,1375,174,79,26,468,239,277,418
32.3100000000046,-86.4899999999965,0,107,139,34,9619,301,-98,399,-1,171,220,-24,1294,161,67,26,427,233,244,396
32.4900000000046,-86.4899999999965,0,102,140,34,9741,297,-105,402,-7,166,216,-31,1330,162,69,25,434,244,246,408
32.8500000000047,-86.4899999999965,0,92,148,35,9854,293,-126,419,-19,207,207,-44,1390,167,69,27,462,237,237,433
33.2100000000047,-86.4899999999965,0,87,152,35,10052,293,-137,430,-27,204,204,-52,1412,168,68,26,457,237,237,425
35.5500000000048,-86.4899999999965,0,42,151,31,11483,265,-208,473,-29,173,173,-118,1361,157,63,24,424,232,232,333
30.6900000000046,-86.3099999999964,0,116,165,41,9001,308,-94,402,223,55,223,-5,1502,182,89,22,473,295,473,382
31.5900000000046,-86.3099999999964,0,108,157,38,9185,305,-99,404,6,171,216,-17,1418,179,75,26,484,248,314,427
31.7700000000046,-86.3099999999964,0,108,151,37,9216,302,-97,399,5,171,216,-18,1387,177,76,26,474,240,293,418
31.9500000000046,-86.3099999999964,0,106,144,36,9257,298,-96,394,2,169,214,-21,1371,175,78,26,466,237,278,412
33.0300000000047,-86.3099999999964,0,85,151,35,9825,287,-135,422,-26,200,200,-51,1442,174,71,27,476,246,246,442
35.3700000000048,-86.3099999999964,0,40,148,31,11233,259,-206,465,-30,169,169,-116,1464,172,63,25,462,238,238,376
36.2700000000048,-86.3099999999964,0,31,148,30,11991,258,-228,486,-42,166,166,-138,1225,135,71,20,376,234,234,287
36.4500000000048,-86.3099999999964,0,28,144,29,12072,254,-232,486,-45,163,163,-143,1235,140,71,22,383,238,238,287
30.6900000000046,-86.1299999999964,0,119,166,41,8887,311,-89,400,225,123,225,0,1521,190,85,24,486,295,486,386
31.2300000000046,-86.1299999999964,0,114,160,40,8994,306,-92,398,14,175,220,-8,1423,167,81,22,465,271,361,413
31.9500000000046,-86.1299999999964,0,108,145,36,9248,301,-93,394,5,171,217,-18,1345,173,75,27,459,231,274,407
32.3100000000046,-86.1299999999964,0,106,140,35,9472,299,-98,397,0,170,218,-23,1338,167,71,27,448,234,252,412
32.4900000000046,-86.1299999999964,0,101,141,35,9575,295,-106,401,-7,165,213,-31,1378,171,72,28,460,243,250,428
33.3900000000047,-86.1299999999964,0,83,154,35,10058,293,-140,433,-31,201,201,-56,1406,170,65,27,461,230,230,420
33.5700000000047,-86.1299999999964,0,81,152,34,10201,291,-144,435,-34,201,201,-60,1394,166,62,27,450,223,223,411
33.7500000000047,-86.1299999999964,0,75,148,33,10411,285,-153,438,-44,197,197,-69,1420,165,60,27,446,219,219,413
34.2900000000047,-86.1299999999964,0,62,144,32,10661,274,-172,446,4,186,186,-86,1471,161,57,27,440,213,213,416
35.1900000000047,-86.1299999999964,0,46,149,32,11089,264,-199,463,-23,173,173,-108,1477,172,62,25,462,233,233,394
36.4500000000048,-86.1299999999964,0,28,146,30,11984,253,-231,484,-44,162,162,-141,1264,143,73,21,390,245,245,292
30.3300000000046,-85.9499999999964,0,125,171,42,8887,318,-88,406,230,64,230,5,1523,216,78,31,551,270,551,365
30.5100000000046,-85.9499999999964,0,123,168,42,8781,313,-86,399,227,126,227,4,1509,198,81,27,507,283,507,381
30.8700000000046,-85.9499999999964,0,120,162,41,8772,309,-84,393,23,123,224,1,1457,169,82,22,443,278,432,397
31.2300000000046,-85.9499999999964,0,117,153,39,8938,304,-86,390,17,121,222,-4,1369,159,81,22,451,260,347,405
31.4100000000046,-85.9499999999964,0,114,151,38,8947,302,-88,390,14,174,219,-8,1371,167,76,24,461,250,326,411
31.9500000000046,-85.9499999999964,0,108,143,36,9236,299,-93,392,5,170,217,-18,1331,171,72,26,453,228,277,401
32.1300000000046,-85.9499999999964,0,107,142,36,9331,299,-95,394,2,170,217,-21,1339,172,73,27,457,229,264,410
32.4900000000046,-85.9499999999964,0,102,144,35,9493,296,-106,402,-5,167,213,-29,1385,178,73,29,475,236,251,431
32.6700000000046,-85.9499999999964,0,93,145,35,9555,288,-120,408,-16,158,204,-39,1446,182,71,29,489,250,254,450
33.0300000000047,-85.9499999999964,0,85,153,36,9763,289,-134,423,-25,199,199,-50,1462,180,69,27,484,248,248,448
33.5700000000047,-85.9499999999964,0,80,150,34,10162,289,-143,432,-35,199,199,-60,1381,167,62,27,450,220,220,409
33.9300000000047,-85.9499999999964,0,73,147,33,10500,284,-157,441,15,195,195,-73,1428,165,59,27,448,214,214,415
34.1100000000047,-85.9499999999964,0,66,144,32,10542,275,-165,440,8,189,189,-80,1466,165,59,27,453,216,216,424
34.6500000000047,-85.9499999999964,0,56,148,32,10757,271,-181,452,-12,180,180,-93,1505,171,59,26,455,223,223,424
35.5500000000048,-85.9499999999964,0,40,146,31,11188,258,-206,464,-29,168,168,-116,1411,161,66,23,432,240,240,359
36.0900000000048,-85.9499999999964,0,33,151,31,11606,257,-221,478,-37,164,164,-130,1317,149,73,21,400,246,246,312
36.4500000000048,-85.9499999999964,0,26,146,30,11834,251,-231,482,-44,159,159,-141,1303,144,76,20,401,256,256,300
30.5100000000046,-85.7699999999964,0,124,168,42,8688,313,-84,397,226,127,226,6,1499,197,78,27,504,276,504,385
30.6900000000046,-85.7699999999964,0,123,164,41,8673,311,-82,393,225,127,225,6,1455,179,78,25,458,271,458,390
31.5900000000046,-85.7699999999964,0,115,146,38,8960,301,-83,384,15,176,220,-7,1319,166,70,26,449,228,297,400
31.7700000000046,-85.7699999999964,0,112,144,37,9087,300,-87,387,10,173,218,-12,1318,169,69,26,448,224,287,396
31.9500000000046,-85.7699999999964,0,108,143,36,9174,298,-93,391,5,170,216,-17,1327,169,70,26,450,226,280,400
32.1300000000046,-85.7699999999964,0,107,143,36,9298,299,-96,395,2,169,216,-21,1323,171,68,27,454,224,266,403
33.5700000000047,-85.7699999999964,0,76,150,34,10116,285,-146,431,-38,195,195,-63,1421,172,62,28,462,223,223,421
33.7500000000047,-85.7699999999964,0,73,149,34,10286,283,-152,435,-43,194,194,-69,1419,167,61,27,450,218,218,413
34.1100000000047,-85.7699999999964,0,71,148,33,10529,282,-160,442,13,194,194,-75,1457,167,59,28,458,214,214,425
34.8300000000047,-85.7699999999964,0,48,145,32,10758,262,-189,451,-19,173,173,-101,1541,179,62,26,472,234,234,424
35.3700000000048,-85.7699999999964,0,32,134,29,11060,241,-209,450,-36,158,158,-123,1547,184,69,25,485,251,251,395
36.0900000000048,-85.7699999999964,0,32,150,31,11498,255,-220,475,-37,162,162,-129,1327,150,73,21,402,248,248,315
36.2700000000048,-85.7699999999964,0,32,152,31,11663,258,-224,482,-38,163,163,-132,1295,144,73,20,392,248,248,304
36.4500000000048,-85.7699999999964,0,26,148,30,11756,251,-231,482,-44,157,157,-140,1310,144,76,20,399,258,258,301
36.6300000000048,-85.7699999999964,0,23,147,30,11915,249,-235,484,-48,157,157,-145,1270,140,75,20,386,258,258,284
30.5100000000046,-85.5899999999964,0,125,169,42,8565,314,-80,394,226,129,226,9,1484,193,75,27,496,271,496,386
30.8700000000046,-85.5899999999964,0,123,156,40,8619,307,-76,383,27,127,225,6,1380,157,76,24,436,256,403,393
31.0500000000046,-85.5899999999964,0,122,150,39,8713,303,-75,378,25,125,224,4,1323,153,75,23,429,244,357,396
31.4100000000046,-85.5899999999964,0,120,144,38,8879,302,-76,378,20,179,223,-1,1282,150,72,24,430,233,308,399
31.9500000000046,-85.5899999999964,0,109,143,36,9101,296,-92,388,6,170,215,-16,1309,170,66,27,450,219,278,398
32.3100000000046,-85.5899999999964,0,103,143,36,9352,295,-102,397,-2,167,213,-25,1346,175,69,29,462,224,260,412
32.8500000000047,-85.5899999999964,0,90,147,35,9584,288,-124,412,-19,154,202,-43,1458,184,66,29,494,245,250,451
33.5700000000047,-85.5899999999964,0,74,152,35,10028,282,-149,431,-39,192,192,-64,1449,176,62,28,470,225,225,429
35.7300000000048,-85.5899999999964,0,39,148,31,11106,258,-205,463,-29,166,166,-116,1358,155,66,22,413,238,238,338
36.0900000000048,-85.5899999999964,0,31,150,31,11395,255,-220,475,-37,160,160,-129,1331,150,72,21,403,249,249,316
30.1500000000046,-85.4099999999964,0,129,179,44,8585,323,-82,405,231,70,231,13,1515,225,72,34,571,264,571,358
30.3300000000046,-85.4099999999964,0,127,178,44,8524,321,-82,403,229,131,229,12,1515,212,72,31,545,268,545,373
30.6900000000046,-85.4099999999964,0,126,158,41,8415,308,-70,378,31,131,225,12,1405,167,72,25,434,259,432,390
31.2300000000046,-85.4099999999964,0,122,145,38,8733,304,-70,374,25,181,225,3,1299,150,68,23,428,237,330,405
31.4100000000046,-85.4099999999964,0,120,144,38,8830,303,-74,377,21,179,223,0,1302,150,67,25,437,226,315,411
31.5900000000046,-85.4099999999964,0,116,144,37,8872,299,-81,380,16,176,220,-5,1325,161,66,27,458,220,301,415
32.1300000000046,-85.4099999999964,0,108,144,36,9175,297,-95,392,5,170,216,-18,1284,166,64,28,444,210,261,397
33.0300000000047,-85.4099999999964,0,88,151,36,9633,291,-127,418,-21,190,201,-45,1425,176,62,30,482,234,237,443
33.5700000000047,-85.4099999999964,0,73,150,35,9913,279,-148,427,-39,190,190,-64,1460,176,63,28,471,229,229,431
33.7500000000047,-85.4099999999964,0,70,148,34,10065,276,-153,429,-45,188,188,-69,1463,173,63,27,462,229,229,421
36.0900000000048,-85.4099999999964,0,28,146,31,11307,248,-220,468,-40,156,156,-131,1351,153,73,21,407,252,252,322
36.4500000000048,-85.4099999999964,0,23,148,31,11517,246,-230,476,-45,152,152,-140,1305,147,75,19,388,259,259,301
36.6300000000048,-85.4099999999964,0,22,151,31,11700,247,-236,483,-47,153,153,-143,1276,141,74,19,382,258,258,290
30.3300000000046,-85.2299999999964,0,129,177,44,8403,321,-78,399,228,73,228,15,1497,206,71,30,530,262,530,370
30.8700000000046,-85.2299999999964,0,128,150,40,8379,306,-62,368,34,134,227,14,1340,146,68,24,432,246,382,390
31.0500000000046,-85.2299999999964,0,126,148,40,8494,306,-64,370,31,131,226,11,1313,150,65,25,439,238,348,401
31.4100000000046,-85.2299999999964,0,121,146,38,8707,303,-73,376,24,179,223,2,1326,155,65,26,456,223,321,418
31.5900000000046,-85.2299999999964,0,116,145,38,8798,299,-81,380,17,175,219,-4,1336,162,65,27,468,218,309,420
31.7700000000046,-85.2299999999964,0,115,146,37,8903,300,-86,386,14,175,219,-7,1300,162,63,28,455,210,290,408
31.9500000000046,-85.2299999999964,0,111,146,37,9002,297,-91,388,9,172,216,-13,1288,164,63,28,449,208,275,402
32.3100000000046,-85.2299999999964,0,105,143,36,9219,294,-96,390,2,168,214,-21,1265,160,65,28,431,206,250,391
33.3900000000047,-85.2299999999964,0,77,149,35,9718,278,-140,418,-33,179,191,-57,1438,173,63,28,472,228,231,434
33.5700000000047,-85.2299999999964,0,74,148,35,9829,277,-144,421,-37,178,190,-61,1435,171,63,28,462,226,229,424
33.7500000000047,-85.2299999999964,0,70,146,34,9947,274,-150,424,-43,176,187,-67,1439,170,63,27,455,227,228,414
36.2700000000048,-85.2299999999964,0,24,145,30,11303,245,-224,469,-43,151,151,-135,1319,150,74,20,390,256,256,311
36.4500000000048,-85.2299999999964,0,25,149,31,11402,248,-227,475,-42,153,153,-135,1276,144,73,19,375,255,255,295
29.7900000000045,-85.0499999999964,0,130,189,45,8583,328,-88,416,232,70,232,15,1448,224,66,38,573,237,573,319
30.5100000000046,-85.0499999999964,0,131,158,42,8189,311,-61,372,227,136,227,20,1391,170,69,25,443,253,443,367
30.8700000000046,-85.0499999999964,0,130,148,40,8282,307,-58,365,37,136,228,18,1330,147,65,25,436,241,375,389
31.0500000000046,-85.0499999999964,0,129,148,40,8413,307,-60,367,34,134,227,14,1309,149,62,25,443,235,345,400
31.2300000000046,-85.0499999999964,0,126,149,39,8544,308,-66,374,30,184,227,10,1302,151,61,27,450,225,328,407
31.4100000000046,-85.0499999999964,0,123,149,39,8641,306,-71,377,26,182,225,6,1305,154,60,28,455,216,319,413
31.7700000000046,-85.0499999999964,0,116,148,38,8864,301,-84,385,16,176,220,-5,1286,158,61,28,452,205,291,408
31.9500000000046,-85.0499999999964,0,112,149,38,8949,301,-90,391,12,174,218,-10,1267,159,61,28,444,201,273,400
32.1300000000046,-85.0499999999964,0,110,147,37,9098,300,-92,392,8,172,218,-14,1224,152,62,28,423,197,253,386
32.3100000000046,-85.0499999999964,0,107,143,36,9191,295,-93,388,5,170,216,-17,1193,146,63,27,401,195,242,371
32.8500000000047,-85.0499999999964,0,94,146,36,9407,291,-113,404,-12,156,205,-35,1333,167,63,29,453,221,237,414
33.0300000000047,-85.0499999999964,0,91,148,36,9450,289,-120,409,-16,190,202,-39,1353,167,62,29,456,227,233,420
33.3900000000047,-85.0499999999964,0,82,148,35,9646,283,-132,415,-27,184,196,-50,1367,166,62,28,452,218,224,413
33.9300000000047,-85.0499999999964,0,67,142,33,10034,269,-154,423,11,184,184,-72,1436,166,65,26,450,231,231,408
35.5500000000048,-85.0499999999964,0,32,141,31,10828,246,-206,452,-35,156,156,-119,1468,170,70,23,446,249,249,374
35.9100000000048,-85.0499999999964,0,25,138,30,10972,240,-212,452,-41,150,150,-128,1400,158,70,22,419,253,253,345
36.0900000000048,-85.0499999999964,0,22,139,30,11089,237,-221,458,-45,146,146,-134,1372,154,73,20,405,258,258,333
36.6300000000048,-85.0499999999964,0,22,149,31,11484,245,-232,477,-45,151,151,-140,1268,140,73,19,376,255,255,291
29.9700000000045,-84.8699999999964,0,130,190,46,8478,326,-87,413,230,71,230,15,1496,222,65,35,573,244,573,347
30.8700000000046,-84.8699999999964,0,132,147,40,8241,308,-54,362,39,138,229,20,1312,146,63,25,432,237,367,382
31.0500000000046,-84.8699999999964,0,130,148,40,8314,309,-58,367,36,135,228,17,1303,151,58,27,449,229,340,401
31.2300000000046,-84.8699999999964,0,128,150,40,8434,308,-63,371,33,185,227,13,1295,151,58,28,453,218,326,408
31.4100000000046,-84.8699999999964,0,124,150,39,8539,307,-69,376,29,183,224,8,1293,154,57,29,457,210,316,412
32.1300000000046,-84.8699999999964,0,111,148,38,9017,299,-90,389,9,172,217,-12,1185,145,58,28,411,189,254,376
35.0100000000047,-84.8699999999964,0,54,148,32,10654,270,-181,451,-13,178,178,-93,1426,160,63,24,429,230,230,384
35.3700000000048,-84.8699999999964,0,49,151,32,10805,267,-191,458,-18,173,173,-101,1393,157,63,24,422,228,228,365
36.4500000000048,-84.8699999999964,0,19,144,30,11279,239,-229,468,32,146,146,-140,1305,149,76,18,378,264,264,296
30.1500000000046,-84.6899999999964,0,130,181,45,8311,322,-78,400,229,74,229,19,1473,209,64,33,541,245,541,355
31.4100000000046,-84.6899999999964,0,125,149,40,8447,304,-68,372,30,182,224,10,1282,152,55,29,453,205,316,411
31.5900000000046,-84.6899999999964,0,121,149,39,8626,303,-76,379,24,179,222,3,1279,153,58,29,454,198,301,415
31.7700000000046,-84.6899999999964,0,117,149,38,8784,304,-80,384,19,177,221,-2,1268,151,58,29,452,194,288,412
31.9500000000046,-84.6899999999964,0,113,149,38,8864,300,-87,387,13,173,217,-8,1243,151,58,30,445,191,276,403
33.7500000000047,-84.6899999999964,0,74,136,33,9904,274,-138,412,-38,179,191,-61,1347,157,62,26,433,220,221,394
33.9300000000047,-84.6899999999964,0,70,137,32,10038,272,-146,418,-44,176,189,-68,1367,157,63,26,431,222,223,394
34.1100000000047,-84.6899999999964,0,69,139,32,10116,273,-151,424,-47,188,188,-70,1357,155,62,26,422,216,216,386
35.1900000000047,-84.6899999999964,0,52,152,33,10661,269,-186,455,-14,175,175,-96,1413,157,65,23,421,233,233,376
35.5500000000048,-84.6899999999964,0,43,153,33,10854,264,-198,462,-23,168,168,-108,1404,158,67,23,422,238,238,365
35.9100000000048,-84.6899999999964,0,31,149,32,10952,250,-212,462,-35,155,155,-122,1394,156,70,21,417,254,254,347
36.2700000000048,-84.6899999999964,0,23,148,31,11133,243,-223,466,-43,149,149,-133,1326,151,74,19,386,262,262,308
31.4100000000046,-84.5099999999964,0,126,149,40,8433,305,-66,371,31,184,225,11,1266,150,54,29,446,201,317,403
33.9300000000047,-84.5099999999964,0,72,133,32,10042,272,-141,413,-42,190,190,-65,1340,155,61,25,424,220,220,389
34.1100000000047,-84.5099999999964,0,69,136,32,10052,271,-148,419,-46,187,187,-69,1377,157,64,26,433,219,219,397
34.2900000000047,-84.5099999999964,0,62,137,32,10053,264,-158,422,-54,180,180,-76,1470,167,67,26,459,229,229,419
34.8300000000047,-84.5099999999964,0,40,143,33,10155,247,-185,432,-23,158,158,-100,1629,181,75,24,479,264,264,446
35.1900000000047,-84.5099999999964,0,45,153,33,10495,262,-189,451,-19,167,167,-100,1470,162,71,22,431,248,248,393
36.2700000000048,-84.5099999999964,0,20,148,31,11096,240,-225,465,-46,146,146,-135,1363,155,75,20,399,267,267,317
30.1500000000046,-84.3299999999964,0,132,181,45,8169,319,-75,394,229,76,229,22,1469,208,57,34,551,236,551,355
30.6900000000046,-84.3299999999964,0,132,152,41,8077,307,-56,363,42,137,227,22,1347,157,57,27,424,226,416,378
30.8700000000046,-84.3299999999964,0,131,149,41,8096,305,-55,360,40,136,226,21,1316,146,56,27,431,220,383,383
34.6500000000047,-84.3299999999964,0,47,142,33,9979,252,-174,426,-69,164,164,-91,1630,177,77,24,488,262,262,454
35.0100000000047,-84.3299999999964,0,36,151,34,10155,248,-191,439,-81,155,155,-103,1577,173,79,22,455,270,270,425
35.1900000000047,-84.3299999999964,0,41,155,34,10309,257,-190,447,53,161,161,-101,1493,161,76,21,429,261,261,401
35.7300000000048,-84.3299999999964,0,44,150,32,10867,262,-195,457,-22,169,169,-107,1351,146,66,21,395,244,244,351
30.5100000000046,-84.1499999999964,0,131,158,43,8027,307,-60,367,226,136,226,22,1378,170,55,29,454,227,454,374
31.0500000000046,-84.1499999999964,0,130,148,40,8196,307,-57,364,38,134,226,19,1279,146,51,28,429,205,360,383
30.3300000000046,-83.9699999999964,0,132,171,45,7981,313,-66,379,227,136,227,24,1395,186,52,32,502,224,502,359
30.5100000000046,-83.9699999999964,0,131,158,43,7932,305,-59,364,225,136,225,23,1350,164,53,29,444,220,444,373
30.8700000000046,-83.9699999999964,0,131,150,41,8011,307,-53,360,42,135,226,23,1281,143,50,27,411,209,384,368
